{"cameraMode":{"drawMode":0,"name":"Shaded","section":"Shading Mode"},"sceneLighting":true,"audioPlay":false,"sceneViewState":{"showFog":true,"showMaterialUpdate":true,"showSkybox":true,"showFlares":true,"showImageEffects":true,"showParticleSystems":true},"in2DMode":false,"pivot":{"x":0.7333648204803467,"y":0.49343597888946535,"z":2.397594928741455},"rotation":{"x":-0.09522800892591477,"y":-0.25621867179870608,"z":0.025371041148900987,"w":-0.9615907669067383},"size":3.947200059890747,"orthographic":false}