{"cameraMode":{"drawMode":0,"name":"Shaded","section":"Shading Mode"},"sceneLighting":false,"audioPlay":false,"sceneViewState":{"showFog":true,"showMaterialUpdate":true,"showSkybox":false,"showFlares":true,"showImageEffects":true,"showParticleSystems":true},"in2DMode":false,"pivot":{"x":-1.7400000095367432,"y":0.49343597888946535,"z":4.574999809265137},"rotation":{"x":-0.10180312395095825,"y":0.7344003319740295,"z":-0.113031767308712,"w":-0.6614708304405212},"size":0.571576714515686,"orthographic":false}