{"cameraMode":{"drawMode":0,"name":"Shaded","section":"Shading Mode"},"sceneLighting":true,"audioPlay":false,"sceneViewState":{"showFog":true,"showMaterialUpdate":true,"showSkybox":true,"showFlares":true,"showImageEffects":true,"showParticleSystems":true},"in2DMode":false,"pivot":{"x":-2.5630922317504885,"y":0.7966497540473938,"z":6.937445163726807},"rotation":{"x":-0.10180312395095825,"y":0.7344003319740295,"z":-0.113031767308712,"w":-0.6614708304405212},"size":1.5484488010406495,"orthographic":false}