{"cameraMode":{"drawMode":0,"name":"Shaded","section":"Shading Mode"},"sceneLighting":true,"audioPlay":false,"sceneViewState":{"showFog":true,"showMaterialUpdate":true,"showSkybox":true,"showFlares":true,"showImageEffects":true,"showParticleSystems":true},"in2DMode":false,"pivot":{"x":-2.1380114555358888,"y":0.41090765595436098,"z":4.5794453620910648},"rotation":{"x":-0.09133254736661911,"y":0.6505127549171448,"z":-0.07923732697963715,"w":-0.7498232126235962},"size":0.6472004652023315,"orthographic":false}