{"cameraMode":{"drawMode":0,"name":"Shaded","section":"Shading Mode"},"sceneLighting":false,"audioPlay":false,"sceneViewState":{"showFog":true,"showMaterialUpdate":true,"showSkybox":false,"showFlares":true,"showImageEffects":true,"showParticleSystems":true},"in2DMode":false,"pivot":{"x":-1.3666679859161378,"y":0.2994207739830017,"z":3.455681562423706},"rotation":{"x":-0.09595361351966858,"y":0.6489017605781555,"z":-0.08299639075994492,"w":-0.750237762928009},"size":12.761028289794922,"orthographic":false}